{
  "$schema": "https://raw.githubusercontent.com/YosysHQ/yosys/master/misc/jny.schema.json",
  "generator": "Yosys 0.33+67 (git sha1 076c5ceb7, clang 10.0.0-4ubuntu1 -fPIC -Os)",
  "version": "0.0.1",
  "invocation": "write_jny -no-connections ../model/design.json ",
  "features": ["attributes", "properties"],
  "modules": [
      {
        "name": "bitwise",
        "cell_sorts": [
          {
            "type": "$dff",
            "ports": [
                {
                  "name": "CLK",
                  "direction": "io",
                  "range": [0, 0]
                },
                {
                  "name": "D",
                  "direction": "io",
                  "range": [0, 0]
                },
                {
                  "name": "Q",
                  "direction": "",
                  "range": [0, 0]
                }
            ],
            "cells": [
                {
                  "name": "$procdff$118",
                  "attributes": {
                    "src": "bitwise.v:34.3-70.6"
                  },
                  "parameters": {
                    "CLK_POLARITY": "1",
                    "WIDTH": "00000000000000000000000000000001"
                  }
                },
                {
                  "name": "$procdff$119",
                  "attributes": {
                    "src": "bitwise.v:34.3-70.6"
                  },
                  "parameters": {
                    "CLK_POLARITY": "1",
                    "WIDTH": "00000000000000000000000000000001"
                  }
                },
                {
                  "name": "$procdff$120",
                  "attributes": {
                    "src": "bitwise.v:34.3-70.6"
                  },
                  "parameters": {
                    "CLK_POLARITY": "1",
                    "WIDTH": "00000000000000000000000000000001"
                  }
                },
                {
                  "name": "$procdff$121",
                  "attributes": {
                    "src": "bitwise.v:34.3-70.6"
                  },
                  "parameters": {
                    "CLK_POLARITY": "1",
                    "WIDTH": "00000000000000000000000000000001"
                  }
                },
                {
                  "name": "$procdff$122",
                  "attributes": {
                    "src": "bitwise.v:34.3-70.6"
                  },
                  "parameters": {
                    "CLK_POLARITY": "1",
                    "WIDTH": "00000000000000000000000000000001"
                  }
                },
                {
                  "name": "$procdff$124",
                  "attributes": {
                    "src": "bitwise.v:34.3-70.6"
                  },
                  "parameters": {
                    "CLK_POLARITY": "1",
                    "WIDTH": "00000000000000000000000000000001"
                  }
                },
                {
                  "name": "$procdff$125",
                  "attributes": {
                    "src": "bitwise.v:34.3-70.6"
                  },
                  "parameters": {
                    "CLK_POLARITY": "1",
                    "WIDTH": "00000000000000000000000000000001"
                  }
                },
                {
                  "name": "$procdff$126",
                  "attributes": {
                    "src": "bitwise.v:34.3-70.6"
                  },
                  "parameters": {
                    "CLK_POLARITY": "1",
                    "WIDTH": "00000000000000000000000000000001"
                  }
                },
                {
                  "name": "$procdff$127",
                  "attributes": {
                    "src": "bitwise.v:34.3-70.6"
                  },
                  "parameters": {
                    "CLK_POLARITY": "1",
                    "WIDTH": "00000000000000000000000000000001"
                  }
                },
                {
                  "name": "$procdff$128",
                  "attributes": {
                    "src": "bitwise.v:34.3-70.6"
                  },
                  "parameters": {
                    "CLK_POLARITY": "1",
                    "WIDTH": "00000000000000000000000000000001"
                  }
                },
                {
                  "name": "$procdff$129",
                  "attributes": {
                    "src": "bitwise.v:34.3-70.6"
                  },
                  "parameters": {
                    "CLK_POLARITY": "1",
                    "WIDTH": "00000000000000000000000000000001"
                  }
                },
                {
                  "name": "$procdff$130",
                  "attributes": {
                    "src": "bitwise.v:34.3-70.6"
                  },
                  "parameters": {
                    "CLK_POLARITY": "1",
                    "WIDTH": "00000000000000000000000000000001"
                  }
                },
                {
                  "name": "$procdff$131",
                  "attributes": {
                    "src": "bitwise.v:34.3-70.6"
                  },
                  "parameters": {
                    "CLK_POLARITY": "1",
                    "WIDTH": "00000000000000000000000000000001"
                  }
                },
                {
                  "name": "$procdff$132",
                  "attributes": {
                    "src": "bitwise.v:19.2-31.6"
                  },
                  "parameters": {
                    "CLK_POLARITY": "1",
                    "WIDTH": "00000000000000000000000000001000"
                  }
                }
            ]
          },
          {
            "type": "$not",
            "ports": [
                {
                  "name": "A",
                  "direction": "io",
                  "range": [0, 0]
                },
                {
                  "name": "Y",
                  "direction": "",
                  "range": [0, 0]
                }
            ],
            "cells": [
                {
                  "name": "$not$bitwise.v:26$10",
                  "attributes": {
                    "src": "bitwise.v:26.12-26.20"
                  },
                  "parameters": {
                    "A_SIGNED": "00000000000000000000000000000000",
                    "A_WIDTH": "00000000000000000000000000000001",
                    "Y_WIDTH": "00000000000000000000000000000001"
                  }
                }
            ]
          },
          {
            "type": "$ne",
            "ports": [
                {
                  "name": "A",
                  "direction": "io",
                  "range": [0, 0]
                },
                {
                  "name": "B",
                  "direction": "io",
                  "range": [0, 0]
                },
                {
                  "name": "Y",
                  "direction": "",
                  "range": [0, 0]
                }
            ],
            "cells": [
                {
                  "name": "$ne$bitwise.v:44$27",
                  "attributes": {
                    "src": "bitwise.v:44.11-44.19"
                  },
                  "parameters": {
                    "A_SIGNED": "00000000000000000000000000000000",
                    "A_WIDTH": "00000000000000000000000000000001",
                    "B_SIGNED": "00000000000000000000000000000000",
                    "B_WIDTH": "00000000000000000000000000000001",
                    "Y_WIDTH": "00000000000000000000000000000001"
                  }
                },
                {
                  "name": "$ne$bitwise.v:45$29",
                  "attributes": {
                    "src": "bitwise.v:45.11-45.19"
                  },
                  "parameters": {
                    "A_SIGNED": "00000000000000000000000000000000",
                    "A_WIDTH": "00000000000000000000000000000001",
                    "B_SIGNED": "00000000000000000000000000000000",
                    "B_WIDTH": "00000000000000000000000000000001",
                    "Y_WIDTH": "00000000000000000000000000000001"
                  }
                }
            ]
          },
          {
            "type": "$logic_and",
            "ports": [
                {
                  "name": "A",
                  "direction": "io",
                  "range": [0, 0]
                },
                {
                  "name": "B",
                  "direction": "io",
                  "range": [0, 0]
                },
                {
                  "name": "Y",
                  "direction": "",
                  "range": [0, 0]
                }
            ],
            "cells": [
                {
                  "name": "$logic_and$bitwise.v:26$11",
                  "attributes": {
                    "src": "bitwise.v:26.12-26.26"
                  },
                  "parameters": {
                    "A_SIGNED": "00000000000000000000000000000000",
                    "A_WIDTH": "00000000000000000000000000000001",
                    "B_SIGNED": "00000000000000000000000000000000",
                    "B_WIDTH": "00000000000000000000000000000001",
                    "Y_WIDTH": "00000000000000000000000000000001"
                  }
                }
            ]
          },
          {
            "type": "$mux",
            "ports": [
                {
                  "name": "A",
                  "direction": "io",
                  "range": [0, 0]
                },
                {
                  "name": "B",
                  "direction": "io",
                  "range": [0, 0]
                },
                {
                  "name": "S",
                  "direction": "io",
                  "range": [0, 0]
                },
                {
                  "name": "Y",
                  "direction": "",
                  "range": [0, 0]
                }
            ],
            "cells": [
                {
                  "name": "$procmux$101",
                  "attributes": {
                    "full_case": "00000000000000000000000000000001",
                    "src": "bitwise.v:53.13-53.26|bitwise.v:53.9-58.7"
                  },
                  "parameters": {
                    "WIDTH": "00000000000000000000000000000001"
                  }
                },
                {
                  "name": "$procmux$104",
                  "attributes": {
                    "full_case": "00000000000000000000000000000001",
                    "src": "bitwise.v:50.13-50.20|bitwise.v:50.9-58.7"
                  },
                  "parameters": {
                    "WIDTH": "00000000000000000000000000000001"
                  }
                },
                {
                  "name": "$procmux$107",
                  "attributes": {
                    "full_case": "00000000000000000000000000000001",
                    "src": "bitwise.v:47.7-47.12|bitwise.v:47.4-58.7"
                  },
                  "parameters": {
                    "WIDTH": "00000000000000000000000000000001"
                  }
                },
                {
                  "name": "$procmux$110",
                  "attributes": {
                    "full_case": "00000000000000000000000000000001",
                    "src": "bitwise.v:26.12-26.26|bitwise.v:26.8-31.6"
                  },
                  "parameters": {
                    "WIDTH": "00000000000000000000000000001000"
                  }
                },
                {
                  "name": "$procmux$113",
                  "attributes": {
                    "full_case": "00000000000000000000000000000001",
                    "src": "bitwise.v:23.12-23.19|bitwise.v:23.8-31.6"
                  },
                  "parameters": {
                    "WIDTH": "00000000000000000000000000001000"
                  }
                },
                {
                  "name": "$procmux$116",
                  "attributes": {
                    "full_case": "00000000000000000000000000000001",
                    "src": "bitwise.v:20.7-20.12|bitwise.v:20.3-31.6"
                  },
                  "parameters": {
                    "WIDTH": "00000000000000000000000000001000"
                  }
                },
                {
                  "name": "$procmux$56",
                  "attributes": {
                    "full_case": "00000000000000000000000000000001",
                    "src": "bitwise.v:47.7-47.12|bitwise.v:47.4-58.7"
                  },
                  "parameters": {
                    "WIDTH": "00000000000000000000000000000001"
                  }
                },
                {
                  "name": "$procmux$59",
                  "attributes": {
                    "full_case": "00000000000000000000000000000001",
                    "src": "bitwise.v:47.7-47.12|bitwise.v:47.4-58.7"
                  },
                  "parameters": {
                    "WIDTH": "00000000000000000000000000000001"
                  }
                },
                {
                  "name": "$procmux$62",
                  "attributes": {
                    "full_case": "00000000000000000000000000000001",
                    "src": "bitwise.v:50.13-50.20|bitwise.v:50.9-58.7"
                  },
                  "parameters": {
                    "WIDTH": "00000000000000000000000000000001"
                  }
                },
                {
                  "name": "$procmux$65",
                  "attributes": {
                    "full_case": "00000000000000000000000000000001",
                    "src": "bitwise.v:47.7-47.12|bitwise.v:47.4-58.7"
                  },
                  "parameters": {
                    "WIDTH": "00000000000000000000000000000001"
                  }
                },
                {
                  "name": "$procmux$68",
                  "attributes": {
                    "full_case": "00000000000000000000000000000001",
                    "src": "bitwise.v:50.13-50.20|bitwise.v:50.9-58.7"
                  },
                  "parameters": {
                    "WIDTH": "00000000000000000000000000000001"
                  }
                },
                {
                  "name": "$procmux$71",
                  "attributes": {
                    "full_case": "00000000000000000000000000000001",
                    "src": "bitwise.v:47.7-47.12|bitwise.v:47.4-58.7"
                  },
                  "parameters": {
                    "WIDTH": "00000000000000000000000000000001"
                  }
                },
                {
                  "name": "$procmux$74",
                  "attributes": {
                    "full_case": "00000000000000000000000000000001",
                    "src": "bitwise.v:53.13-53.26|bitwise.v:53.9-58.7"
                  },
                  "parameters": {
                    "WIDTH": "00000000000000000000000000000001"
                  }
                },
                {
                  "name": "$procmux$77",
                  "attributes": {
                    "full_case": "00000000000000000000000000000001",
                    "src": "bitwise.v:50.13-50.20|bitwise.v:50.9-58.7"
                  },
                  "parameters": {
                    "WIDTH": "00000000000000000000000000000001"
                  }
                },
                {
                  "name": "$procmux$80",
                  "attributes": {
                    "full_case": "00000000000000000000000000000001",
                    "src": "bitwise.v:47.7-47.12|bitwise.v:47.4-58.7"
                  },
                  "parameters": {
                    "WIDTH": "00000000000000000000000000000001"
                  }
                },
                {
                  "name": "$procmux$83",
                  "attributes": {
                    "full_case": "00000000000000000000000000000001",
                    "src": "bitwise.v:53.13-53.26|bitwise.v:53.9-58.7"
                  },
                  "parameters": {
                    "WIDTH": "00000000000000000000000000000001"
                  }
                },
                {
                  "name": "$procmux$86",
                  "attributes": {
                    "full_case": "00000000000000000000000000000001",
                    "src": "bitwise.v:50.13-50.20|bitwise.v:50.9-58.7"
                  },
                  "parameters": {
                    "WIDTH": "00000000000000000000000000000001"
                  }
                },
                {
                  "name": "$procmux$89",
                  "attributes": {
                    "full_case": "00000000000000000000000000000001",
                    "src": "bitwise.v:47.7-47.12|bitwise.v:47.4-58.7"
                  },
                  "parameters": {
                    "WIDTH": "00000000000000000000000000000001"
                  }
                },
                {
                  "name": "$procmux$92",
                  "attributes": {
                    "full_case": "00000000000000000000000000000001",
                    "src": "bitwise.v:53.13-53.26|bitwise.v:53.9-58.7"
                  },
                  "parameters": {
                    "WIDTH": "00000000000000000000000000000001"
                  }
                },
                {
                  "name": "$procmux$95",
                  "attributes": {
                    "full_case": "00000000000000000000000000000001",
                    "src": "bitwise.v:50.13-50.20|bitwise.v:50.9-58.7"
                  },
                  "parameters": {
                    "WIDTH": "00000000000000000000000000000001"
                  }
                },
                {
                  "name": "$procmux$98",
                  "attributes": {
                    "full_case": "00000000000000000000000000000001",
                    "src": "bitwise.v:47.7-47.12|bitwise.v:47.4-58.7"
                  },
                  "parameters": {
                    "WIDTH": "00000000000000000000000000000001"
                  }
                }
            ]
          },
          {
            "type": "$le",
            "ports": [
                {
                  "name": "A",
                  "direction": "io",
                  "range": [8, 0]
                },
                {
                  "name": "B",
                  "direction": "io",
                  "range": [0, 0]
                },
                {
                  "name": "Y",
                  "direction": "",
                  "range": [0, 0]
                }
            ],
            "cells": [
                {
                  "name": "$le$bitwise.v:48$31",
                  "attributes": {
                    "src": "bitwise.v:48.12-48.42"
                  },
                  "parameters": {
                    "A_SIGNED": "00000000000000000000000000000000",
                    "A_WIDTH": "00000000000000000000000000001000",
                    "B_SIGNED": "00000000000000000000000000000000",
                    "B_WIDTH": "00000000000000000000000000000001",
                    "Y_WIDTH": "00000000000000000000000000000001"
                  }
                },
                {
                  "name": "$le$bitwise.v:51$32",
                  "attributes": {
                    "src": "bitwise.v:51.12-51.21"
                  },
                  "parameters": {
                    "A_SIGNED": "00000000000000000000000000000000",
                    "A_WIDTH": "00000000000000000000000000001000",
                    "B_SIGNED": "00000000000000000000000000000000",
                    "B_WIDTH": "00000000000000000000000000001000",
                    "Y_WIDTH": "00000000000000000000000000000001"
                  }
                },
                {
                  "name": "$le$bitwise.v:54$35",
                  "attributes": {
                    "src": "bitwise.v:54.12-54.38"
                  },
                  "parameters": {
                    "A_SIGNED": "00000000000000000000000000000000",
                    "A_WIDTH": "00000000000000000000000000001000",
                    "B_SIGNED": "00000000000000000000000000000000",
                    "B_WIDTH": "00000000000000000000000000001000",
                    "Y_WIDTH": "00000000000000000000000000000001"
                  }
                },
                {
                  "name": "$le$bitwise.v:57$36",
                  "attributes": {
                    "src": "bitwise.v:57.12-57.18"
                  },
                  "parameters": {
                    "A_SIGNED": "00000000000000000000000000000000",
                    "A_WIDTH": "00000000000000000000000000001000",
                    "B_SIGNED": "00000000000000000000000000000000",
                    "B_WIDTH": "00000000000000000000000000001000",
                    "Y_WIDTH": "00000000000000000000000000000001"
                  }
                }
            ]
          },
          {
            "type": "$eq",
            "ports": [
                {
                  "name": "A",
                  "direction": "io",
                  "range": [0, 0]
                },
                {
                  "name": "B",
                  "direction": "io",
                  "range": [0, 0]
                },
                {
                  "name": "Y",
                  "direction": "",
                  "range": [0, 0]
                }
            ],
            "cells": [
                {
                  "name": "$eq$bitwise.v:44$28",
                  "attributes": {
                    "src": "bitwise.v:44.11-44.32"
                  },
                  "parameters": {
                    "A_SIGNED": "00000000000000000000000000000000",
                    "A_WIDTH": "00000000000000000000000000000001",
                    "B_SIGNED": "00000000000000000000000000000000",
                    "B_WIDTH": "00000000000000000000000000000001",
                    "Y_WIDTH": "00000000000000000000000000000001"
                  }
                },
                {
                  "name": "$eq$bitwise.v:45$30",
                  "attributes": {
                    "src": "bitwise.v:45.11-45.37"
                  },
                  "parameters": {
                    "A_SIGNED": "00000000000000000000000000000000",
                    "A_WIDTH": "00000000000000000000000000000001",
                    "B_SIGNED": "00000000000000000000000000000000",
                    "B_WIDTH": "00000000000000000000000000000001",
                    "Y_WIDTH": "00000000000000000000000000000001"
                  }
                }
            ]
          },
          {
            "type": "$assume",
            "ports": [
                {
                  "name": "A",
                  "direction": "io",
                  "range": [0, 0]
                },
                {
                  "name": "EN",
                  "direction": "io",
                  "range": [0, 0]
                }
            ],
            "cells": [
                {
                  "name": "$assume$bitwise.v:34$37",
                  "attributes": {
                    "src": "bitwise.v:34.29-44.33"
                  },
                  "parameters": {

                  }
                },
                {
                  "name": "$assume$bitwise.v:44$38",
                  "attributes": {
                    "src": "bitwise.v:44.34-45.38"
                  },
                  "parameters": {

                  }
                }
            ]
          },
          {
            "type": "$assert",
            "ports": [
                {
                  "name": "A",
                  "direction": "io",
                  "range": [0, 0]
                },
                {
                  "name": "EN",
                  "direction": "io",
                  "range": [0, 0]
                }
            ],
            "cells": [
                {
                  "name": "$assert$bitwise.v:47$39",
                  "attributes": {
                    "src": "bitwise.v:47.19-48.43"
                  },
                  "parameters": {

                  }
                },
                {
                  "name": "$assert$bitwise.v:50$40",
                  "attributes": {
                    "src": "bitwise.v:50.27-51.22"
                  },
                  "parameters": {

                  }
                },
                {
                  "name": "$assert$bitwise.v:53$41",
                  "attributes": {
                    "src": "bitwise.v:53.33-54.39"
                  },
                  "parameters": {

                  }
                },
                {
                  "name": "$assert$bitwise.v:56$42",
                  "attributes": {
                    "src": "bitwise.v:56.14-57.19"
                  },
                  "parameters": {

                  }
                }
            ]
          },
          {
            "type": "$and",
            "ports": [
                {
                  "name": "A",
                  "direction": "io",
                  "range": [0, 0]
                },
                {
                  "name": "B",
                  "direction": "io",
                  "range": [0, 0]
                },
                {
                  "name": "Y",
                  "direction": "",
                  "range": [0, 0]
                }
            ],
            "cells": [
                {
                  "name": "$and$bitwise.v:53$34",
                  "attributes": {
                    "src": "bitwise.v:53.13-53.26"
                  },
                  "parameters": {
                    "A_SIGNED": "00000000000000000000000000000000",
                    "A_WIDTH": "00000000000000000000000000000001",
                    "B_SIGNED": "00000000000000000000000000000000",
                    "B_WIDTH": "00000000000000000000000000000001",
                    "Y_WIDTH": "00000000000000000000000000000001"
                  }
                }
            ]
          }
        ],
        "attributes": {
            "keep": "00000000000000000000000000000001",
            "hdlname": "\\bitwise",
            "dynports": "00000000000000000000000000000001",
            "top": "00000000000000000000000000000001",
            "src": "bitwise.v:1.1-72.10"
        }
      }
  ]
}
