{
  "$schema": "https://raw.githubusercontent.com/YosysHQ/yosys/master/misc/jny.schema.json",
  "generator": "Yosys 0.33+67 (git sha1 076c5ceb7, clang 10.0.0-4ubuntu1 -fPIC -Os)",
  "version": "0.0.1",
  "invocation": "write_jny -no-connections ../model/design.json ",
  "features": ["attributes", "properties"],
  "modules": [
      {
        "name": "blocking_with_spi_configured",
        "cell_sorts": [
          {
            "type": "$shiftx",
            "ports": [
                {
                  "name": "A",
                  "direction": "io",
                  "range": [64, 0]
                },
                {
                  "name": "B",
                  "direction": "io",
                  "range": [32, 0]
                },
                {
                  "name": "Y",
                  "direction": "",
                  "range": [32, 0]
                }
            ],
            "cells": [
                {
                  "name": "$shiftx$blocking_with_spi_configured.v:0$20",
                  "attributes": {
                    "src": "blocking_with_spi_configured.v:0.0-0.0"
                  },
                  "parameters": {
                    "A_SIGNED": "00000000000000000000000000000000",
                    "A_WIDTH": "00000000000000000000000001000000",
                    "B_SIGNED": "00000000000000000000000000000001",
                    "B_WIDTH": "00000000000000000000000000100000",
                    "Y_WIDTH": "00000000000000000000000000100000"
                  }
                },
                {
                  "name": "$shiftx$blocking_with_spi_configured.v:0$23",
                  "attributes": {
                    "src": "blocking_with_spi_configured.v:0.0-0.0"
                  },
                  "parameters": {
                    "A_SIGNED": "00000000000000000000000000000000",
                    "A_WIDTH": "00000000000000000000000000000010",
                    "B_SIGNED": "00000000000000000000000000000001",
                    "B_WIDTH": "00000000000000000000000000000010",
                    "Y_WIDTH": "00000000000000000000000000000001"
                  }
                },
                {
                  "name": "$shiftx$blocking_with_spi_configured.v:0$35",
                  "attributes": {
                    "src": "blocking_with_spi_configured.v:0.0-0.0"
                  },
                  "parameters": {
                    "A_SIGNED": "00000000000000000000000000000000",
                    "A_WIDTH": "00000000000000000000000000000010",
                    "B_SIGNED": "00000000000000000000000000000001",
                    "B_WIDTH": "00000000000000000000000000000010",
                    "Y_WIDTH": "00000000000000000000000000000001"
                  }
                }
            ]
          },
          {
            "type": "$mux",
            "ports": [
                {
                  "name": "A",
                  "direction": "io",
                  "range": [0, 0]
                },
                {
                  "name": "B",
                  "direction": "io",
                  "range": [0, 0]
                },
                {
                  "name": "S",
                  "direction": "io",
                  "range": [0, 0]
                },
                {
                  "name": "Y",
                  "direction": "",
                  "range": [0, 0]
                }
            ],
            "cells": [
                {
                  "name": "$procmux$100",
                  "attributes": {
                    "full_case": "00000000000000000000000000000001",
                    "src": "blocking_with_spi_configured.v:100.7-100.46|blocking_with_spi_configured.v:100.3-135.6"
                  },
                  "parameters": {
                    "WIDTH": "00000000000000000000000000000001"
                  }
                },
                {
                  "name": "$procmux$103",
                  "attributes": {
                    "full_case": "00000000000000000000000000000001",
                    "src": "blocking_with_spi_configured.v:112.12-112.51|blocking_with_spi_configured.v:112.8-135.6"
                  },
                  "parameters": {
                    "WIDTH": "00000000000000000000000000000001"
                  }
                },
                {
                  "name": "$procmux$106",
                  "attributes": {
                    "full_case": "00000000000000000000000000000001",
                    "src": "blocking_with_spi_configured.v:103.12-103.51|blocking_with_spi_configured.v:103.8-135.6"
                  },
                  "parameters": {
                    "WIDTH": "00000000000000000000000000000001"
                  }
                },
                {
                  "name": "$procmux$109",
                  "attributes": {
                    "full_case": "00000000000000000000000000000001",
                    "src": "blocking_with_spi_configured.v:100.7-100.46|blocking_with_spi_configured.v:100.3-135.6"
                  },
                  "parameters": {
                    "WIDTH": "00000000000000000000000000000001"
                  }
                },
                {
                  "name": "$procmux$112",
                  "attributes": {
                    "full_case": "00000000000000000000000000000001",
                    "src": "blocking_with_spi_configured.v:112.12-112.51|blocking_with_spi_configured.v:112.8-135.6"
                  },
                  "parameters": {
                    "WIDTH": "00000000000000000000000000000001"
                  }
                },
                {
                  "name": "$procmux$115",
                  "attributes": {
                    "full_case": "00000000000000000000000000000001",
                    "src": "blocking_with_spi_configured.v:103.12-103.51|blocking_with_spi_configured.v:103.8-135.6"
                  },
                  "parameters": {
                    "WIDTH": "00000000000000000000000000000001"
                  }
                },
                {
                  "name": "$procmux$118",
                  "attributes": {
                    "full_case": "00000000000000000000000000000001",
                    "src": "blocking_with_spi_configured.v:100.7-100.46|blocking_with_spi_configured.v:100.3-135.6"
                  },
                  "parameters": {
                    "WIDTH": "00000000000000000000000000000001"
                  }
                },
                {
                  "name": "$procmux$121",
                  "attributes": {
                    "full_case": "00000000000000000000000000000001",
                    "src": "blocking_with_spi_configured.v:116.12-116.51|blocking_with_spi_configured.v:116.8-135.6"
                  },
                  "parameters": {
                    "WIDTH": "00000000000000000000000000000001"
                  }
                },
                {
                  "name": "$procmux$124",
                  "attributes": {
                    "full_case": "00000000000000000000000000000001",
                    "src": "blocking_with_spi_configured.v:112.12-112.51|blocking_with_spi_configured.v:112.8-135.6"
                  },
                  "parameters": {
                    "WIDTH": "00000000000000000000000000000001"
                  }
                },
                {
                  "name": "$procmux$127",
                  "attributes": {
                    "full_case": "00000000000000000000000000000001",
                    "src": "blocking_with_spi_configured.v:103.12-103.51|blocking_with_spi_configured.v:103.8-135.6"
                  },
                  "parameters": {
                    "WIDTH": "00000000000000000000000000000001"
                  }
                },
                {
                  "name": "$procmux$130",
                  "attributes": {
                    "full_case": "00000000000000000000000000000001",
                    "src": "blocking_with_spi_configured.v:100.7-100.46|blocking_with_spi_configured.v:100.3-135.6"
                  },
                  "parameters": {
                    "WIDTH": "00000000000000000000000000000001"
                  }
                },
                {
                  "name": "$procmux$133",
                  "attributes": {
                    "full_case": "00000000000000000000000000000001",
                    "src": "blocking_with_spi_configured.v:116.12-116.51|blocking_with_spi_configured.v:116.8-135.6"
                  },
                  "parameters": {
                    "WIDTH": "00000000000000000000000000000001"
                  }
                },
                {
                  "name": "$procmux$136",
                  "attributes": {
                    "full_case": "00000000000000000000000000000001",
                    "src": "blocking_with_spi_configured.v:112.12-112.51|blocking_with_spi_configured.v:112.8-135.6"
                  },
                  "parameters": {
                    "WIDTH": "00000000000000000000000000000001"
                  }
                },
                {
                  "name": "$procmux$139",
                  "attributes": {
                    "full_case": "00000000000000000000000000000001",
                    "src": "blocking_with_spi_configured.v:103.12-103.51|blocking_with_spi_configured.v:103.8-135.6"
                  },
                  "parameters": {
                    "WIDTH": "00000000000000000000000000000001"
                  }
                },
                {
                  "name": "$procmux$142",
                  "attributes": {
                    "full_case": "00000000000000000000000000000001",
                    "src": "blocking_with_spi_configured.v:100.7-100.46|blocking_with_spi_configured.v:100.3-135.6"
                  },
                  "parameters": {
                    "WIDTH": "00000000000000000000000000000001"
                  }
                },
                {
                  "name": "$procmux$145",
                  "attributes": {
                    "full_case": "00000000000000000000000000000001",
                    "src": "blocking_with_spi_configured.v:116.12-116.51|blocking_with_spi_configured.v:116.8-135.6"
                  },
                  "parameters": {
                    "WIDTH": "00000000000000000000000000000001"
                  }
                },
                {
                  "name": "$procmux$148",
                  "attributes": {
                    "full_case": "00000000000000000000000000000001",
                    "src": "blocking_with_spi_configured.v:112.12-112.51|blocking_with_spi_configured.v:112.8-135.6"
                  },
                  "parameters": {
                    "WIDTH": "00000000000000000000000000000001"
                  }
                },
                {
                  "name": "$procmux$151",
                  "attributes": {
                    "full_case": "00000000000000000000000000000001",
                    "src": "blocking_with_spi_configured.v:103.12-103.51|blocking_with_spi_configured.v:103.8-135.6"
                  },
                  "parameters": {
                    "WIDTH": "00000000000000000000000000000001"
                  }
                },
                {
                  "name": "$procmux$154",
                  "attributes": {
                    "full_case": "00000000000000000000000000000001",
                    "src": "blocking_with_spi_configured.v:100.7-100.46|blocking_with_spi_configured.v:100.3-135.6"
                  },
                  "parameters": {
                    "WIDTH": "00000000000000000000000000000001"
                  }
                },
                {
                  "name": "$procmux$157",
                  "attributes": {
                    "full_case": "00000000000000000000000000000001",
                    "src": "blocking_with_spi_configured.v:116.12-116.51|blocking_with_spi_configured.v:116.8-135.6"
                  },
                  "parameters": {
                    "WIDTH": "00000000000000000000000000000001"
                  }
                },
                {
                  "name": "$procmux$160",
                  "attributes": {
                    "full_case": "00000000000000000000000000000001",
                    "src": "blocking_with_spi_configured.v:112.12-112.51|blocking_with_spi_configured.v:112.8-135.6"
                  },
                  "parameters": {
                    "WIDTH": "00000000000000000000000000000001"
                  }
                },
                {
                  "name": "$procmux$163",
                  "attributes": {
                    "full_case": "00000000000000000000000000000001",
                    "src": "blocking_with_spi_configured.v:103.12-103.51|blocking_with_spi_configured.v:103.8-135.6"
                  },
                  "parameters": {
                    "WIDTH": "00000000000000000000000000000001"
                  }
                },
                {
                  "name": "$procmux$166",
                  "attributes": {
                    "full_case": "00000000000000000000000000000001",
                    "src": "blocking_with_spi_configured.v:100.7-100.46|blocking_with_spi_configured.v:100.3-135.6"
                  },
                  "parameters": {
                    "WIDTH": "00000000000000000000000000000001"
                  }
                },
                {
                  "name": "$procmux$169",
                  "attributes": {
                    "full_case": "00000000000000000000000000000001",
                    "src": "blocking_with_spi_configured.v:83.9-83.23|blocking_with_spi_configured.v:83.5-86.41"
                  },
                  "parameters": {
                    "WIDTH": "00000000000000000000000000000001"
                  }
                },
                {
                  "name": "$procmux$172",
                  "attributes": {
                    "full_case": "00000000000000000000000000000001",
                    "src": "blocking_with_spi_configured.v:83.9-83.23|blocking_with_spi_configured.v:83.5-86.41"
                  },
                  "parameters": {
                    "WIDTH": "00000000000000000000000000000001"
                  }
                },
                {
                  "name": "$procmux$175",
                  "attributes": {
                    "full_case": "00000000000000000000000000000001",
                    "src": "blocking_with_spi_configured.v:71.9-71.24|blocking_with_spi_configured.v:71.5-78.8"
                  },
                  "parameters": {
                    "WIDTH": "00000000000000000000000000000001"
                  }
                },
                {
                  "name": "$procmux$178",
                  "attributes": {
                    "full_case": "00000000000000000000000000000001",
                    "src": "blocking_with_spi_configured.v:71.9-71.24|blocking_with_spi_configured.v:71.5-78.8"
                  },
                  "parameters": {
                    "WIDTH": "00000000000000000000000000100000"
                  }
                },
                {
                  "name": "$procmux$181",
                  "attributes": {
                    "full_case": "00000000000000000000000000000001",
                    "src": "blocking_with_spi_configured.v:71.9-71.24|blocking_with_spi_configured.v:71.5-78.8"
                  },
                  "parameters": {
                    "WIDTH": "00000000000000000000000000000001"
                  }
                },
                {
                  "name": "$procmux$184",
                  "attributes": {
                    "full_case": "00000000000000000000000000000001",
                    "src": "blocking_with_spi_configured.v:71.9-71.24|blocking_with_spi_configured.v:71.5-78.8"
                  },
                  "parameters": {
                    "WIDTH": "00000000000000000000000000100000"
                  }
                },
                {
                  "name": "$procmux$187",
                  "attributes": {
                    "full_case": "00000000000000000000000000000001",
                    "src": "blocking_with_spi_configured.v:56.12-56.35|blocking_with_spi_configured.v:56.8-63.6"
                  },
                  "parameters": {
                    "WIDTH": "00000000000000000000000000000001"
                  }
                },
                {
                  "name": "$procmux$196",
                  "attributes": {
                    "full_case": "00000000000000000000000000000001",
                    "src": "blocking_with_spi_configured.v:56.12-56.35|blocking_with_spi_configured.v:56.8-63.6"
                  },
                  "parameters": {
                    "WIDTH": "00000000000000000000000000000001"
                  }
                },
                {
                  "name": "$procmux$205",
                  "attributes": {
                    "full_case": "00000000000000000000000000000001",
                    "src": "blocking_with_spi_configured.v:52.12-52.36|blocking_with_spi_configured.v:52.8-63.6"
                  },
                  "parameters": {
                    "WIDTH": "00000000000000000000000000000001"
                  }
                },
                {
                  "name": "$procmux$211",
                  "attributes": {
                    "full_case": "00000000000000000000000000000001",
                    "src": "blocking_with_spi_configured.v:52.12-52.36|blocking_with_spi_configured.v:52.8-63.6"
                  },
                  "parameters": {
                    "WIDTH": "00000000000000000000000000000001"
                  }
                },
                {
                  "name": "$procmux$217",
                  "attributes": {
                    "full_case": "00000000000000000000000000000001",
                    "src": "blocking_with_spi_configured.v:48.7-48.31|blocking_with_spi_configured.v:48.3-63.6"
                  },
                  "parameters": {
                    "WIDTH": "00000000000000000000000000000001"
                  }
                },
                {
                  "name": "$procmux$220",
                  "attributes": {
                    "full_case": "00000000000000000000000000000001",
                    "src": "blocking_with_spi_configured.v:48.7-48.31|blocking_with_spi_configured.v:48.3-63.6"
                  },
                  "parameters": {
                    "WIDTH": "00000000000000000000000000000001"
                  }
                },
                {
                  "name": "$procmux$223",
                  "attributes": {
                    "full_case": "00000000000000000000000000000001",
                    "src": "blocking_with_spi_configured.v:40.12-40.23|blocking_with_spi_configured.v:40.8-43.37"
                  },
                  "parameters": {
                    "WIDTH": "00000000000000000000000000000010"
                  }
                },
                {
                  "name": "$procmux$226",
                  "attributes": {
                    "full_case": "00000000000000000000000000000001",
                    "src": "blocking_with_spi_configured.v:38.7-38.12|blocking_with_spi_configured.v:38.3-43.37"
                  },
                  "parameters": {
                    "WIDTH": "00000000000000000000000000000010"
                  }
                },
                {
                  "name": "$procmux$85",
                  "attributes": {
                    "full_case": "00000000000000000000000000000001",
                    "src": "blocking_with_spi_configured.v:100.7-100.46|blocking_with_spi_configured.v:100.3-135.6"
                  },
                  "parameters": {
                    "WIDTH": "00000000000000000000000000000001"
                  }
                },
                {
                  "name": "$procmux$88",
                  "attributes": {
                    "full_case": "00000000000000000000000000000001",
                    "src": "blocking_with_spi_configured.v:100.7-100.46|blocking_with_spi_configured.v:100.3-135.6"
                  },
                  "parameters": {
                    "WIDTH": "00000000000000000000000000000001"
                  }
                },
                {
                  "name": "$procmux$91",
                  "attributes": {
                    "full_case": "00000000000000000000000000000001",
                    "src": "blocking_with_spi_configured.v:103.12-103.51|blocking_with_spi_configured.v:103.8-135.6"
                  },
                  "parameters": {
                    "WIDTH": "00000000000000000000000000000001"
                  }
                },
                {
                  "name": "$procmux$94",
                  "attributes": {
                    "full_case": "00000000000000000000000000000001",
                    "src": "blocking_with_spi_configured.v:100.7-100.46|blocking_with_spi_configured.v:100.3-135.6"
                  },
                  "parameters": {
                    "WIDTH": "00000000000000000000000000000001"
                  }
                },
                {
                  "name": "$procmux$97",
                  "attributes": {
                    "full_case": "00000000000000000000000000000001",
                    "src": "blocking_with_spi_configured.v:103.12-103.51|blocking_with_spi_configured.v:103.8-135.6"
                  },
                  "parameters": {
                    "WIDTH": "00000000000000000000000000000001"
                  }
                }
            ]
          },
          {
            "type": "$dff",
            "ports": [
                {
                  "name": "CLK",
                  "direction": "io",
                  "range": [0, 0]
                },
                {
                  "name": "D",
                  "direction": "io",
                  "range": [2, 0]
                },
                {
                  "name": "Q",
                  "direction": "",
                  "range": [2, 0]
                }
            ],
            "cells": [
                {
                  "name": "$procdff$228",
                  "attributes": {
                    "src": "blocking_with_spi_configured.v:37.2-43.37"
                  },
                  "parameters": {
                    "CLK_POLARITY": "1",
                    "WIDTH": "00000000000000000000000000000010"
                  }
                }
            ]
          },
          {
            "type": "$mul",
            "ports": [
                {
                  "name": "A",
                  "direction": "io",
                  "range": [32, 0]
                },
                {
                  "name": "B",
                  "direction": "io",
                  "range": [6, 0]
                },
                {
                  "name": "Y",
                  "direction": "",
                  "range": [32, 0]
                }
            ],
            "cells": [
                {
                  "name": "$mul$blocking_with_spi_configured.v:76$18",
                  "attributes": {
                    "src": "blocking_with_spi_configured.v:76.72-76.112"
                  },
                  "parameters": {
                    "A_SIGNED": "00000000000000000000000000000000",
                    "A_WIDTH": "00000000000000000000000000100000",
                    "B_SIGNED": "00000000000000000000000000000000",
                    "B_WIDTH": "00000000000000000000000000000110",
                    "Y_WIDTH": "00000000000000000000000000100000"
                  }
                }
            ]
          },
          {
            "type": "$logic_and",
            "ports": [
                {
                  "name": "A",
                  "direction": "io",
                  "range": [0, 0]
                },
                {
                  "name": "B",
                  "direction": "io",
                  "range": [0, 0]
                },
                {
                  "name": "Y",
                  "direction": "",
                  "range": [0, 0]
                }
            ],
            "cells": [
                {
                  "name": "$logic_and$blocking_with_spi_configured.v:100$53",
                  "attributes": {
                    "src": "blocking_with_spi_configured.v:100.7-100.46"
                  },
                  "parameters": {
                    "A_SIGNED": "00000000000000000000000000000000",
                    "A_WIDTH": "00000000000000000000000000000001",
                    "B_SIGNED": "00000000000000000000000000000000",
                    "B_WIDTH": "00000000000000000000000000000001",
                    "Y_WIDTH": "00000000000000000000000000000001"
                  }
                },
                {
                  "name": "$logic_and$blocking_with_spi_configured.v:101$56",
                  "attributes": {
                    "src": "blocking_with_spi_configured.v:101.12-101.45"
                  },
                  "parameters": {
                    "A_SIGNED": "00000000000000000000000000000000",
                    "A_WIDTH": "00000000000000000000000000000001",
                    "B_SIGNED": "00000000000000000000000000000000",
                    "B_WIDTH": "00000000000000000000000000000001",
                    "Y_WIDTH": "00000000000000000000000000000001"
                  }
                },
                {
                  "name": "$logic_and$blocking_with_spi_configured.v:103$59",
                  "attributes": {
                    "src": "blocking_with_spi_configured.v:103.12-103.51"
                  },
                  "parameters": {
                    "A_SIGNED": "00000000000000000000000000000000",
                    "A_WIDTH": "00000000000000000000000000000001",
                    "B_SIGNED": "00000000000000000000000000000000",
                    "B_WIDTH": "00000000000000000000000000000001",
                    "Y_WIDTH": "00000000000000000000000000000001"
                  }
                },
                {
                  "name": "$logic_and$blocking_with_spi_configured.v:104$62",
                  "attributes": {
                    "src": "blocking_with_spi_configured.v:104.12-110.7"
                  },
                  "parameters": {
                    "A_SIGNED": "00000000000000000000000000000000",
                    "A_WIDTH": "00000000000000000000000000000001",
                    "B_SIGNED": "00000000000000000000000000000000",
                    "B_WIDTH": "00000000000000000000000000000001",
                    "Y_WIDTH": "00000000000000000000000000000001"
                  }
                },
                {
                  "name": "$logic_and$blocking_with_spi_configured.v:112$65",
                  "attributes": {
                    "src": "blocking_with_spi_configured.v:112.12-112.51"
                  },
                  "parameters": {
                    "A_SIGNED": "00000000000000000000000000000000",
                    "A_WIDTH": "00000000000000000000000000000001",
                    "B_SIGNED": "00000000000000000000000000000000",
                    "B_WIDTH": "00000000000000000000000000000001",
                    "Y_WIDTH": "00000000000000000000000000000001"
                  }
                },
                {
                  "name": "$logic_and$blocking_with_spi_configured.v:113$68",
                  "attributes": {
                    "src": "blocking_with_spi_configured.v:113.12-114.22"
                  },
                  "parameters": {
                    "A_SIGNED": "00000000000000000000000000000000",
                    "A_WIDTH": "00000000000000000000000000000001",
                    "B_SIGNED": "00000000000000000000000000000000",
                    "B_WIDTH": "00000000000000000000000000000001",
                    "Y_WIDTH": "00000000000000000000000000000001"
                  }
                },
                {
                  "name": "$logic_and$blocking_with_spi_configured.v:116$71",
                  "attributes": {
                    "src": "blocking_with_spi_configured.v:116.12-116.51"
                  },
                  "parameters": {
                    "A_SIGNED": "00000000000000000000000000000000",
                    "A_WIDTH": "00000000000000000000000000000001",
                    "B_SIGNED": "00000000000000000000000000000000",
                    "B_WIDTH": "00000000000000000000000000000001",
                    "Y_WIDTH": "00000000000000000000000000000001"
                  }
                },
                {
                  "name": "$logic_and$blocking_with_spi_configured.v:117$74",
                  "attributes": {
                    "src": "blocking_with_spi_configured.v:117.12-124.7"
                  },
                  "parameters": {
                    "A_SIGNED": "00000000000000000000000000000000",
                    "A_WIDTH": "00000000000000000000000000000001",
                    "B_SIGNED": "00000000000000000000000000000000",
                    "B_WIDTH": "00000000000000000000000000000001",
                    "Y_WIDTH": "00000000000000000000000000000001"
                  }
                }
            ]
          },
          {
            "type": "$not",
            "ports": [
                {
                  "name": "A",
                  "direction": "io",
                  "range": [0, 0]
                },
                {
                  "name": "Y",
                  "direction": "",
                  "range": [0, 0]
                }
            ],
            "cells": [
                {
                  "name": "$eq$blocking_with_spi_configured.v:101$54",
                  "attributes": {
                    "src": "blocking_with_spi_configured.v:101.12-101.26"
                  },
                  "parameters": {
                    "A_SIGNED": "00000000000000000000000000000000",
                    "A_WIDTH": "00000000000000000000000000000001",
                    "Y_WIDTH": "00000000000000000000000000000001"
                  }
                },
                {
                  "name": "$eq$blocking_with_spi_configured.v:101$55",
                  "attributes": {
                    "src": "blocking_with_spi_configured.v:101.30-101.45"
                  },
                  "parameters": {
                    "A_SIGNED": "00000000000000000000000000000000",
                    "A_WIDTH": "00000000000000000000000000000001",
                    "Y_WIDTH": "00000000000000000000000000000001"
                  }
                },
                {
                  "name": "$eq$blocking_with_spi_configured.v:103$58",
                  "attributes": {
                    "src": "blocking_with_spi_configured.v:103.33-103.51"
                  },
                  "parameters": {
                    "A_SIGNED": "00000000000000000000000000000000",
                    "A_WIDTH": "00000000000000000000000000000001",
                    "Y_WIDTH": "00000000000000000000000000000001"
                  }
                },
                {
                  "name": "$eq$blocking_with_spi_configured.v:112$63",
                  "attributes": {
                    "src": "blocking_with_spi_configured.v:112.12-112.29"
                  },
                  "parameters": {
                    "A_SIGNED": "00000000000000000000000000000000",
                    "A_WIDTH": "00000000000000000000000000000001",
                    "Y_WIDTH": "00000000000000000000000000000001"
                  }
                }
            ]
          },
          {
            "type": "$sub",
            "ports": [
                {
                  "name": "A",
                  "direction": "io",
                  "range": [0, 0]
                },
                {
                  "name": "B",
                  "direction": "io",
                  "range": [0, 0]
                },
                {
                  "name": "Y",
                  "direction": "",
                  "range": [2, 0]
                }
            ],
            "cells": [
                {
                  "name": "$auto$genrtlil.cc:1567:genRTLIL$21",
                  "attributes": {

                  },
                  "parameters": {
                    "A_SIGNED": "00000000000000000000000000000000",
                    "A_WIDTH": "00000000000000000000000000000001",
                    "B_SIGNED": "00000000000000000000000000000000",
                    "B_WIDTH": "00000000000000000000000000000001",
                    "Y_WIDTH": "00000000000000000000000000000010"
                  }
                },
                {
                  "name": "$auto$genrtlil.cc:1567:genRTLIL$33",
                  "attributes": {

                  },
                  "parameters": {
                    "A_SIGNED": "00000000000000000000000000000000",
                    "A_WIDTH": "00000000000000000000000000000001",
                    "B_SIGNED": "00000000000000000000000000000000",
                    "B_WIDTH": "00000000000000000000000000000001",
                    "Y_WIDTH": "00000000000000000000000000000010"
                  }
                }
            ]
          },
          {
            "type": "$eq",
            "ports": [
                {
                  "name": "A",
                  "direction": "io",
                  "range": [0, 0]
                },
                {
                  "name": "B",
                  "direction": "io",
                  "range": [0, 0]
                },
                {
                  "name": "Y",
                  "direction": "",
                  "range": [0, 0]
                }
            ],
            "cells": [
                {
                  "name": "$eq$blocking_with_spi_configured.v:104$61",
                  "attributes": {
                    "src": "blocking_with_spi_configured.v:104.30-110.7"
                  },
                  "parameters": {
                    "A_SIGNED": "00000000000000000000000000000000",
                    "A_WIDTH": "00000000000000000000000000000001",
                    "B_SIGNED": "00000000000000000000000000000000",
                    "B_WIDTH": "00000000000000000000000000000001",
                    "Y_WIDTH": "00000000000000000000000000000001"
                  }
                },
                {
                  "name": "$eq$blocking_with_spi_configured.v:113$66",
                  "attributes": {
                    "src": "blocking_with_spi_configured.v:113.12-113.95"
                  },
                  "parameters": {
                    "A_SIGNED": "00000000000000000000000000000000",
                    "A_WIDTH": "00000000000000000000000000000001",
                    "B_SIGNED": "00000000000000000000000000000000",
                    "B_WIDTH": "00000000000000000000000000000001",
                    "Y_WIDTH": "00000000000000000000000000000001"
                  }
                }
            ]
          },
          {
            "type": "$assert",
            "ports": [
                {
                  "name": "A",
                  "direction": "io",
                  "range": [0, 0]
                },
                {
                  "name": "EN",
                  "direction": "io",
                  "range": [0, 0]
                }
            ],
            "cells": [
                {
                  "name": "$assert$blocking_with_spi_configured.v:100$78",
                  "attributes": {
                    "src": "blocking_with_spi_configured.v:100.53-101.46"
                  },
                  "parameters": {

                  }
                },
                {
                  "name": "$assert$blocking_with_spi_configured.v:103$79",
                  "attributes": {
                    "src": "blocking_with_spi_configured.v:103.58-110.8"
                  },
                  "parameters": {

                  }
                },
                {
                  "name": "$assert$blocking_with_spi_configured.v:112$80",
                  "attributes": {
                    "src": "blocking_with_spi_configured.v:112.58-114.23"
                  },
                  "parameters": {

                  }
                },
                {
                  "name": "$assert$blocking_with_spi_configured.v:116$81",
                  "attributes": {
                    "src": "blocking_with_spi_configured.v:116.58-124.8"
                  },
                  "parameters": {

                  }
                },
                {
                  "name": "$assert$blocking_with_spi_configured.v:126$82",
                  "attributes": {
                    "src": "blocking_with_spi_configured.v:126.13-134.7"
                  },
                  "parameters": {

                  }
                }
            ]
          },
          {
            "type": "$add",
            "ports": [
                {
                  "name": "A",
                  "direction": "io",
                  "range": [32, 0]
                },
                {
                  "name": "B",
                  "direction": "io",
                  "range": [0, 0]
                },
                {
                  "name": "Y",
                  "direction": "",
                  "range": [32, 0]
                }
            ],
            "cells": [
                {
                  "name": "$add$blocking_with_spi_configured.v:0$19",
                  "attributes": {
                    "src": "blocking_with_spi_configured.v:0.0-0.0"
                  },
                  "parameters": {
                    "A_SIGNED": "00000000000000000000000000000000",
                    "A_WIDTH": "00000000000000000000000000100000",
                    "B_SIGNED": "00000000000000000000000000000000",
                    "B_WIDTH": "00000000000000000000000000000001",
                    "Y_WIDTH": "00000000000000000000000000100000"
                  }
                }
            ]
          }
        ],
        "attributes": {
            "keep": "00000000000000000000000000000001",
            "hdlname": "\\blocking_with_spi_configured",
            "dynports": "00000000000000000000000000000001",
            "top": "00000000000000000000000000000001",
            "src": "blocking_with_spi_configured.v:1.1-160.10"
        }
      }
  ]
}
